{"cameraMode":{"drawMode":0,"name":"Shaded","section":"Shading Mode"},"sceneLighting":false,"audioPlay":false,"sceneViewState":{"m_AlwaysRefresh":false,"showFog":true,"showSkybox":false,"showFlares":true,"showImageEffects":true,"showParticleSystems":true,"showVisualEffectGraphs":true,"m_FxEnabled":false},"in2DMode":false,"pivot":{"x":-0.9424586296081543,"y":-0.03530022129416466,"z":2.2901084423065187},"rotation":{"x":-0.011771833524107933,"y":0.19464537501335145,"z":-0.0023308719974011184,"w":-0.9808174967765808},"size":1.39121413230896,"orthographic":false}