{"cameraMode":{"drawMode":0,"name":"Shaded","section":"Shading Mode"},"sceneLighting":false,"audioPlay":false,"sceneViewState":{"m_AlwaysRefresh":false,"showFog":true,"showSkybox":false,"showFlares":true,"showImageEffects":true,"showParticleSystems":true,"showVisualEffectGraphs":true,"m_FxEnabled":false},"in2DMode":false,"pivot":{"x":0.667660117149353,"y":2.6942996978759767,"z":-1.971382975578308},"rotation":{"x":0.3188045918941498,"y":0.18624146282672883,"z":-0.06408368796110153,"w":0.9271470308303833},"size":0.015486789867281914,"orthographic":false}