{"cameraMode":{"drawMode":0,"name":"Shaded","section":"Shading Mode"},"sceneLighting":true,"audioPlay":false,"sceneViewState":{"m_AlwaysRefresh":false,"showFog":true,"showSkybox":true,"showFlares":true,"showImageEffects":true,"showParticleSystems":true,"showVisualEffectGraphs":true,"m_FxEnabled":false},"in2DMode":false,"pivot":{"x":35.80785369873047,"y":8.215470314025879,"z":-36.759803771972659},"rotation":{"x":0.04417916759848595,"y":-0.5152500867843628,"z":-0.026616035029292108,"w":-0.8555008172988892},"size":19.002710342407228,"orthographic":false}