{"cameraMode":{"drawMode":0,"name":"Shaded","section":"Shading Mode"},"sceneLighting":true,"audioPlay":false,"sceneViewState":{"m_AlwaysRefresh":false,"showFog":true,"showSkybox":true,"showFlares":true,"showImageEffects":true,"showParticleSystems":true,"showVisualEffectGraphs":true,"m_FxEnabled":false},"in2DMode":false,"pivot":{"x":-1.1784589290618897,"y":0.9007172584533691,"z":0.19785189628601075},"rotation":{"x":0.03205921873450279,"y":-0.9147659540176392,"z":0.07300584018230438,"w":0.396306574344635},"size":0.8660253882408142,"orthographic":false}