{"cameraMode":{"drawMode":0,"name":"Shaded","section":"Shading Mode"},"sceneLighting":true,"audioPlay":false,"sceneViewState":{"m_AlwaysRefresh":false,"showFog":true,"showSkybox":true,"showFlares":true,"showImageEffects":true,"showParticleSystems":true,"showVisualEffectGraphs":true,"m_FxEnabled":false},"in2DMode":false,"pivot":{"x":-4.86335563659668,"y":0.5753096342086792,"z":3.2307934761047365},"rotation":{"x":-0.06644700467586518,"y":0.49820199608802798,"z":-0.038383349776268008,"w":-0.8637050986289978},"size":3.729222536087036,"orthographic":false}