{"cameraMode":{"drawMode":0,"name":"Shaded","section":"Shading Mode"},"sceneLighting":false,"audioPlay":false,"sceneViewState":{"m_AlwaysRefresh":false,"showFog":true,"showSkybox":true,"showFlares":true,"showImageEffects":true,"showParticleSystems":true,"showVisualEffectGraphs":true,"m_FxEnabled":false},"in2DMode":false,"pivot":{"x":53.522830963134769,"y":0.23708930611610413,"z":25.930850982666017},"rotation":{"x":-0.06104893609881401,"y":-0.7309647798538208,"z":0.06596378982067108,"w":-0.6764797568321228},"size":1.8416690826416016,"orthographic":false}