{"cameraMode":{"drawMode":0,"name":"Shaded","section":"Shading Mode"},"sceneLighting":false,"audioPlay":false,"sceneViewState":{"m_AlwaysRefresh":false,"showFog":true,"showSkybox":true,"showFlares":true,"showImageEffects":true,"showParticleSystems":true,"showVisualEffectGraphs":true,"m_FxEnabled":false},"in2DMode":false,"pivot":{"x":8.3325834274292,"y":1.6626499891281129,"z":-2.2445385456085207},"rotation":{"x":-0.04867485538125038,"y":0.9326066374778748,"z":-0.13751600682735444,"w":-0.33010947704315188},"size":0.033974647521972659,"orthographic":false}