{"cameraMode":{"drawMode":0,"name":"Shaded","section":"Shading Mode"},"sceneLighting":false,"audioPlay":false,"sceneViewState":{"m_AlwaysRefresh":false,"showFog":true,"showSkybox":true,"showFlares":true,"showImageEffects":true,"showParticleSystems":true,"showVisualEffectGraphs":true,"m_FxEnabled":false},"in2DMode":false,"pivot":{"x":12.243826866149903,"y":3.4680657386779787,"z":-1.2699847221374512},"rotation":{"x":0.11350709944963455,"y":-0.7271023392677307,"z":0.12398689240217209,"w":0.6656374335289002},"size":2.804952621459961,"orthographic":false}