{"cameraMode":{"drawMode":0,"name":"Shaded","section":"Shading Mode"},"sceneLighting":false,"audioPlay":false,"sceneViewState":{"m_AlwaysRefresh":false,"showFog":true,"showSkybox":false,"showFlares":true,"showImageEffects":true,"showParticleSystems":true,"showVisualEffectGraphs":true,"m_FxEnabled":false},"in2DMode":false,"pivot":{"x":11.063286781311036,"y":1.4110996723175049,"z":-1.7715001106262208},"rotation":{"x":-0.043386176228523257,"y":0.06829020380973816,"z":-0.0029667369090020658,"w":-0.9967343807220459},"size":0.000017320508050033823,"orthographic":false}