{"cameraMode":{"drawMode":0,"name":"Shaded","section":"Shading Mode"},"sceneLighting":false,"audioPlay":false,"sceneViewState":{"m_AlwaysRefresh":false,"showFog":true,"showSkybox":false,"showFlares":true,"showImageEffects":true,"showParticleSystems":true,"showVisualEffectGraphs":true,"m_FxEnabled":false},"in2DMode":false,"pivot":{"x":11.504066467285157,"y":1.6300179958343506,"z":-0.364941269159317},"rotation":{"x":-0.13919737935066224,"y":0.7070682048797607,"z":-0.14517086744308473,"w":-0.6779667735099793},"size":0.000017320508050033823,"orthographic":false}