{"cameraMode":{"drawMode":0,"name":"Shaded","section":"Shading Mode"},"sceneLighting":false,"audioPlay":false,"sceneViewState":{"m_AlwaysRefresh":false,"showFog":false,"showSkybox":false,"showFlares":false,"showImageEffects":false,"showParticleSystems":false,"showVisualEffectGraphs":true,"m_FxEnabled":true},"in2DMode":false,"pivot":{"x":-0.000049054622650146484,"y":0.8936522006988525,"z":0.02567341923713684},"rotation":{"x":0.002486234065145254,"y":0.9972656965255737,"z":-0.0623200498521328,"w":0.03981250897049904},"size":1.4067161083221436,"orthographic":false}