{"cameraMode":{"drawMode":0,"name":"Shaded","section":"Shading Mode"},"sceneLighting":false,"audioPlay":false,"sceneViewState":{"m_AlwaysRefresh":false,"showFog":true,"showSkybox":false,"showFlares":true,"showImageEffects":true,"showParticleSystems":true,"showVisualEffectGraphs":true,"m_FxEnabled":false},"in2DMode":false,"pivot":{"x":-2.8760933876037599,"y":1.595408320426941,"z":-1.1696300506591797},"rotation":{"x":0.0022926984820514919,"y":-0.6439146995544434,"z":-0.0019340578000992537,"w":-0.7651124000549316},"size":0.30001741647720339,"orthographic":false}