{"cameraMode":{"drawMode":0,"name":"Shaded","section":"Shading Mode"},"sceneLighting":false,"audioPlay":false,"sceneViewState":{"m_AlwaysRefresh":false,"showFog":true,"showSkybox":false,"showFlares":true,"showImageEffects":true,"showParticleSystems":true,"showVisualEffectGraphs":true,"m_FxEnabled":false},"in2DMode":false,"pivot":{"x":-25.241945266723634,"y":-15.241434097290039,"z":30.650121688842775},"rotation":{"x":0.22028398513793946,"y":-0.37569767236709597,"z":0.09237931668758393,"w":0.8954452872276306},"size":20.865345001220704,"orthographic":false}