{"cameraMode":{"drawMode":0,"name":"Shaded","section":"Shading Mode"},"sceneLighting":false,"audioPlay":false,"sceneViewState":{"m_AlwaysRefresh":false,"showFog":true,"showSkybox":false,"showFlares":true,"showImageEffects":true,"showParticleSystems":true,"showVisualEffectGraphs":true,"m_FxEnabled":false},"in2DMode":false,"pivot":{"x":-0.5474845767021179,"y":1.088300108909607,"z":0.29805827140808108},"rotation":{"x":0.03205921873450279,"y":-0.9147659540176392,"z":0.07300584018230438,"w":0.396306574344635},"size":0.17320509254932404,"orthographic":false}