{"cameraMode":{"drawMode":0,"name":"Shaded","section":"Shading Mode"},"sceneLighting":false,"audioPlay":false,"sceneViewState":{"m_AlwaysRefresh":false,"showFog":true,"showSkybox":false,"showFlares":true,"showImageEffects":true,"showParticleSystems":true,"showVisualEffectGraphs":true,"m_FxEnabled":false},"in2DMode":false,"pivot":{"x":-0.18072597682476045,"y":-0.01827588677406311,"z":-0.6626592874526978},"rotation":{"x":0.07089752703905106,"y":0.8234551548957825,"z":-0.10555140674114227,"w":0.5529211163520813},"size":1.0186413526535035,"orthographic":false}